Link Name,Center of Mass X,Center of Mass Y,Center of Mass Z,Center of Mass Roll,Center of Mass Pitch,Center of Mass Yaw,Mass,Moment Ixx,Moment Ixy,Moment Ixz,Moment Iyy,Moment Iyz,Moment Izz,Visual X,Visual Y,Visual Z,Visual Roll,Visual Pitch,Visual Yaw,Mesh Filename,Color Red,Color Green,Color Blue,Color Alpha,Collision X,Collision Y,Collision Z,Collision Roll,Collision Pitch,Collision Yaw,Collision Mesh Filename,Material Name,SW Components,Coordinate System,Axis Name,Joint Name,Joint Type,Joint Origin X,Joint Origin Y,Joint Origin Z,Joint Origin Roll,Joint Origin Pitch,Joint Origin Yaw,Parent,Joint Axis X,Joint Axis Y,Joint Axis Z,Limit Effort,Limit Velocity,Limit Lower,Limit Upper,Calibration rising,Calibration falling,Dynamics Damping,Dynamics Friction,Safety Soft Upper,Safety Soft Lower,Safety K Position,Safety K Velocity
base_link,0.0037371271395169,0.000509597410569076,0.0628578663830573,0,0,0,0.734774769093734,0.00304079703267396,6.73701058783062E-08,-6.50029706905171E-08,0.0044781909611876,-1.06452904751068E-07,0.00669492338035859,0,0,0,0,0,0,package://abot_model/meshes/base_link.STL,1,1,1,1,0,0,0,0,0,0,package://abot_model/meshes/base_link.STL,,BOTTOM-CASE-1;充电口-2;电源显示-5;开关-2;BACK-COVER-1;cross recessed cheese head screws gb-13;cross recessed cheese head screws gb-14;cross recessed cheese head screws gb-8;cross recessed cheese head screws gb-9;cross recessed cheese head screws gb-10;cross recessed cheese head screws gb-7;cross recessed cheese head screws gb-5;cross recessed cheese head screws gb-6;cross recessed cheese head screws gb-12;STANDOFF-M4-60-1;STANDOFF-M4-60-2;UPPER-PANEL-1;cross recessed cheese head screws gb-3;cross recessed cheese head screws gb-2;cross recessed cheese head screws gb-11;TOP-PANEL-1;HOLDER-1;cross recessed cheese head screws gb-27;cross recessed cheese head screws gb-28;FRONT-COVER-1;MOTOR-BRACKET-3;转轴-1;MOTOR-BRACKET-4;转轴-2;MOTOR-BRACKET-1;转轴-4;转轴-3;MOTOR-BRACKET-2,坐标系1,,,,0,0,0,0,0,0,,0,0,0,,,,,,,,,,,,0
link_left_w,-2.9684E-05,0.011721,-0.000134,0,0,0,0.17861,0.00013111,1.88E-20,-2.588E-10,0.00019458,7.7371E-21,0.00013112,0,0,0,0,0,0,package://abot_model/meshes/link_left_w.STL,1,1,1,1,0,0,0,0,0,0,package://abot_model/meshes/link_left_w.STL,,轮子-4,坐标系7,基准轴9,joint_left_w,continuous,0.12024,0.10802,0.028264,0,0,0,base_link,0,-1,0,100,0,-3.14,3.14,,,,,,,,0
link_left_s,0.00125052664950205,0.00847211983876833,-0.000229470863907809,0,0,0,0.178614693254775,0.00013111186774341,2.1852675113639E-21,-2.58804125525198E-10,0.000194584383981263,7.23887751890145E-21,0.000131123764185488,0,0,0,0,0,0,package://abot_model/meshes/link_left_s.STL,1,1,1,1,0,0,0,0,0,0,package://abot_model/meshes/link_left_s.STL,,轮子-3,坐标系8,基准轴10,joint_left_s,continuous,-0.12144,0.11128,0.028375,0,0,0,base_link,0,-1,0,100,0,-3.14,3.14,,,,,,,,0
link_right_w,-2.56394994314069E-05,-0.00965975962140743,-8.89294989246357E-05,0,0,0,0.178614693254775,0.000131111867743409,-1.43666298330474E-21,-2.58804125525959E-10,0.000194584383981263,1.54361367158865E-21,0.000131123764185487,0,0,0,0,0,0,package://abot_model/meshes/link_right_w.STL,1,1,1,1,0,0,0,0,0,0,package://abot_model/meshes/link_right_w.STL,,轮子-2,坐标系9,基准轴11,joint_right_w,continuous,0.12024,-0.10899,0.028264,0,0,0,base_link,0,-1,0,100,0,-3.14,3.14,,,,,,,,0
link_right_s,-1.7496E-07,-0.011748,8.117E-06,0,0,0,0.17861,0.00013111,5.8527E-21,-2.588E-10,0.00019458,-3.2413E-21,0.00013112,0,0,0,0,0,0,package://abot_model/meshes/link_right_s.STL,1,1,1,1,0,0,0,0,0,0,package://abot_model/meshes/link_right_s.STL,,轮子-1,坐标系10,基准轴12,joint_right_s,continuous,-0.12024,-0.10696,0.028161,0,0,0,base_link,0,-1,0,100,0,-3.14,3.14,,,,,,,,0
camera_link,0,0,0,0,0,0,0,0,0,0,0,0,0,0,0,0,0,0,0,package://abot_model/meshes/camera_link.STL,1,1,1,1,0,0,0,0,0,0,package://abot_model/meshes/camera_link.STL,,摄像头-1,坐标系11,Axis_joint_camera,joint_camera,fixed,0.130670132360421,0.000184007776624636,0.128393640072318,0,0,0,base_link,0,0,0,,,,,,,,,,,,0
